"id","code","num","digits","name","is_complementary","is_funds_code","is_bond_market_unit","enabled","dest"
208,"AED","784","2","United Arab Emirates dirham",0,0,0,1,
209,"AFN","971","2","Afghan afghani",0,0,0,1,
210,"ALL","008","2","Albanian lek",0,0,0,1,
211,"AMD","051","2","Armenian dram",0,0,0,1,
212,"ANG","532","2","Netherlands Antillean guilder",0,0,0,1,
213,"AOA","973","2","Angolan kwanza",0,0,0,1,
214,"ARS","032","2","Argentine peso",0,0,0,1,
215,"AUD","036","2","Australian dollar",0,0,0,1,
216,"AWG","533","2","Aruban florin",0,0,0,1,
217,"AZN","944","2","Azerbaijani manat",0,0,0,1,
218,"BAM","977","2","Bosnia and Herzegovina convertible mark",0,0,0,1,
219,"BBD","052","2","Barbados dollar",0,0,0,1,
220,"BDT","050","2","Bangladeshi taka",0,0,0,1,
221,"BGN","975","2","Bulgarian lev",0,0,0,1,
222,"BHD","048","3","Bahraini dinar",0,0,0,1,
223,"BIF","108","0","Burundian franc",0,0,0,1,
224,"BMD","060","2","Bermudian dollar",0,0,0,1,
225,"BND","096","2","Brunei dollar",0,0,0,1,
226,"BOB","068","2","Boliviano",0,0,0,1,
228,"BRL","986","2","Brazilian real",0,0,0,1,
229,"BSD","044","2","Bahamian dollar",0,0,0,1,
230,"BTN","064","2","Bhutanese ngultrum",0,0,0,1,
231,"BWP","072","2","Botswana pula",0,0,0,1,
232,"BYN","933","2","Belarusian ruble",0,0,0,1,
233,"BZD","084","2","Belize dollar",0,0,0,1,
234,"CAD","124","2","Canadian dollar",0,0,0,1,
235,"CDF","976","2","Congolese franc",0,0,0,1,
237,"CHF","756","2","Swiss franc",0,0,0,1,
240,"CLP","152","0","Chilean peso",0,0,0,1,
241,"CNY","156","2","Renminbi (Chinese) yuan",0,0,0,1,
242,"COP","170","2","Colombian peso",0,0,0,1,
244,"CRC","188","2","Costa Rican colon",0,0,0,1,
245,"CUC","931","2","Cuban convertible peso",0,0,0,1,
246,"CUP","192","2","Cuban peso",0,0,0,1,
247,"CVE","132","0","Cape Verde escudo",0,0,0,1,
248,"CZK","203","2","Czech koruna",0,0,0,1,
249,"DJF","262","0","Djiboutian franc",0,0,0,1,
250,"DKK","208","2","Danish krone",0,0,0,1,
251,"DOP","214","2","Dominican peso",0,0,0,1,
252,"DZD","012","2","Algerian dinar",0,0,0,1,
253,"EGP","818","2","Egyptian pound",0,0,0,1,
254,"ERN","232","2","Eritrean nakfa",0,0,0,1,
255,"ETB","230","2","Ethiopian birr",0,0,0,1,
256,"EUR","978","2","Euro",0,0,0,1,
257,"FJD","242","2","Fiji dollar",0,0,0,1,
258,"FKP","238","2","Falkland Islands pound",0,0,0,1,
259,"GBP","826","2","Pound sterling",0,0,0,1,
260,"GEL","981","2","Georgian lari",0,0,0,1,
261,"GHS","936","2","Ghanaian cedi",0,0,0,1,
262,"GIP","292","2","Gibraltar pound",0,0,0,1,
263,"GMD","270","2","Gambian dalasi",0,0,0,1,
264,"GNF","324","0","Guinean franc",0,0,0,1,
265,"GTQ","320","2","Guatemalan quetzal",0,0,0,1,
266,"GYD","328","2","Guyanese dollar",0,0,0,1,
267,"HKD","344","2","Hong Kong dollar",0,0,0,1,
268,"HNL","340","2","Honduran lempira",0,0,0,1,
269,"HRK","191","2","Croatian kuna",0,0,0,1,
270,"HTG","332","2","Haitian gourde",0,0,0,1,
271,"HUF","348","2","Hungarian forint",0,0,0,1,
272,"IDR","360","2","Indonesian rupiah",0,0,0,1,
273,"ILS","376","2","Israeli new shekel",0,0,0,1,
274,"INR","356","2","Indian rupee",0,0,0,1,
275,"IQD","368","3","Iraqi dinar",0,0,0,1,
276,"IRR","364","2","Iranian rial",0,0,0,1,
277,"ISK","352","0","Icelandic króna",0,0,0,1,
278,"JMD","388","2","Jamaican dollar",0,0,0,1,
279,"JOD","400","3","Jordanian dinar",0,0,0,1,
280,"JPY","392","0","Japanese yen",0,0,0,1,
281,"KES","404","2","Kenyan shilling",0,0,0,1,
282,"KGS","417","2","Kyrgyzstani som",0,0,0,1,
283,"KHR","116","2","Cambodian riel",0,0,0,1,
284,"KMF","174","0","Comoro franc",0,0,0,1,
285,"KPW","408","2","North Korean won",0,0,0,1,
286,"KRW","410","0","South Korean won",0,0,0,1,
287,"KWD","414","3","Kuwaiti dinar",0,0,0,1,
288,"KYD","136","2","Cayman Islands dollar",0,0,0,1,
289,"KZT","398","2","Kazakhstani tenge",0,0,0,1,
290,"LAK","418","2","Lao kip",0,0,0,1,
291,"LBP","422","2","Lebanese pound",0,0,0,1,
292,"LKR","144","2","Sri Lankan rupee",0,0,0,1,
293,"LRD","430","2","Liberian dollar",0,0,0,1,
294,"LSL","426","2","Lesotho loti",0,0,0,1,
295,"LYD","434","3","Libyan dinar",0,0,0,1,
296,"MAD","504","2","Moroccan dirham",0,0,0,1,
297,"MDL","498","2","Moldovan leu",0,0,0,1,
298,"MGA","969","1","Malagasy ariary",0,0,0,1,
299,"MKD","807","2","Macedonian denar",0,0,0,1,
300,"MMK","104","2","Myanmar kyat",0,0,0,1,
301,"MNT","496","2","Mongolian tögrög",0,0,0,1,
302,"MOP","446","2","Macanese pataca",0,0,0,1,
303,"MRU","929","1","Mauritanian ouguiya",0,0,0,1,
304,"MUR","480","2","Mauritian rupee",0,0,0,1,
305,"MVR","462","2","Maldivian rufiyaa",0,0,0,1,
306,"MWK","454","2","Malawian kwacha",0,0,0,1,
307,"MXN","484","2","Mexican peso",0,0,0,1,
309,"MYR","458","2","Malaysian ringgit",0,0,0,1,
310,"MZN","943","2","Mozambican metical",0,0,0,1,
311,"NAD","516","2","Namibian dollar",0,0,0,1,
312,"NGN","566","2","Nigerian naira",0,0,0,1,
313,"NIO","558","2","Nicaraguan córdoba",0,0,0,1,
314,"NOK","578","2","Norwegian krone",0,0,0,1,
315,"NPR","524","2","Nepalese rupee",0,0,0,1,
316,"NZD","554","2","New Zealand dollar",0,0,0,1,
317,"OMR","512","3","Omani rial",0,0,0,1,
318,"PAB","590","2","Panamanian balboa",0,0,0,1,
319,"PEN","604","2","Peruvian sol",0,0,0,1,
320,"PGK","598","2","Papua New Guinean kina",0,0,0,1,
321,"PHP","608","2","Philippine piso",0,0,0,1,
322,"PKR","586","2","Pakistani rupee",0,0,0,1,
323,"PLN","985","2","Polish złoty",0,0,0,1,
324,"PYG","600","0","Paraguayan guaraní",0,0,0,1,
325,"QAR","634","2","Qatari riyal",0,0,0,1,
326,"RON","946","2","Romanian leu",0,0,0,1,
327,"RSD","941","2","Serbian dinar",0,0,0,1,
328,"RUB","643","2","Russian ruble",0,0,0,1,
329,"RWF","646","0","Rwandan franc",0,0,0,1,
330,"SAR","682","2","Saudi riyal",0,0,0,1,
331,"SBD","090","2","Solomon Islands dollar",0,0,0,1,
332,"SCR","690","2","Seychelles rupee",0,0,0,1,
333,"SDG","938","2","Sudanese pound",0,0,0,1,
334,"SEK","752","2","Swedish krona/kronor",0,0,0,1,
335,"SGD","702","2","Singapore dollar",0,0,0,1,
336,"SHP","654","2","Saint Helena pound",0,0,0,1,
337,"SLL","694","2","Sierra Leonean leone",0,0,0,1,
338,"SOS","706","2","Somali shilling",0,0,0,1,
339,"SRD","968","2","Surinamese dollar",0,0,0,1,
340,"SSP","728","2","South Sudanese pound",0,0,0,1,
341,"STN","930","2","São Tomé and Príncipe dobra",0,0,0,1,
342,"SVC","222","2","Salvadoran colón",0,0,0,1,
343,"SYP","760","2","Syrian pound",0,0,0,1,
344,"SZL","748","2","Swazi lilangeni",0,0,0,1,
345,"THB","764","2","Thai baht",0,0,0,1,
346,"TJS","972","2","Tajikistani somoni",0,0,0,1,
347,"TMT","934","2","Turkmenistan manat",0,0,0,1,
348,"TND","788","3","Tunisian dinar",0,0,0,1,
349,"TOP","776","2","Tongan paʻanga",0,0,0,1,
350,"TRY","949","2","Turkish lira",0,0,0,1,
351,"TTD","780","2","Trinidad and Tobago dollar",0,0,0,1,
352,"TWD","901","2","New Taiwan dollar",0,0,0,1,
353,"TZS","834","2","Tanzanian shilling",0,0,0,1,
354,"UAH","980","2","Ukrainian hryvnia",0,0,0,1,
355,"UGX","800","0","Ugandan shilling",0,0,0,1,
356,"USD","840","2","United States dollar",0,0,0,1,
359,"UYU","858","2","Uruguayan peso",0,0,0,1,
360,"UZS","860","2","Uzbekistan som",0,0,0,1,
361,"VEF","937","2","Venezuelan bolívar",0,0,0,1,
362,"VND","704","0","Vietnamese đồng",0,0,0,1,
363,"VUV","548","0","Vanuatu vatu",0,0,0,1,
364,"WST","882","2","Samoan tala",0,0,0,1,
365,"XAF","950","0","CFA franc BEAC",0,0,0,1,
366,"XAG","961",,"Silver (one troy ounce)",0,0,0,1,
367,"XAU","959",,"Gold (one troy ounce)",0,0,0,1,
372,"XCD","951","2","East Caribbean dollar",0,0,0,1,
373,"XDR","960",,"Special drawing rights",0,0,0,1,
374,"XOF","952","0","CFA franc BCEAO",0,0,0,1,
375,"XPD","964",,"Palladium (one troy ounce)",0,0,0,1,
376,"XPF","953","0","CFP franc (franc Pacifique)",0,0,0,1,
377,"XPT","962",,"Platinum (one troy ounce)",0,0,0,1,
378,"XSU","994",,"SUCRE",0,0,0,1,
379,"XTS","963",,"Code reserved for testing purposes",0,0,0,1,
380,"XUA","965",,"ADB Unit of Account",0,0,0,1,
381,"XXX","999",,"No currency",0,0,0,1,
382,"YER","886","2","Yemeni rial",0,0,0,1,
383,"ZAR","710","2","South African rand",0,0,0,1,
384,"ZMW","967","2","Zambian kwacha",0,0,0,1,
385,"ZWL","932","2","Zimbabwean dollar A/10",0,0,0,1,
386,"CHE","947","2","WIR Euro",1,0,0,1,
387,"CHW","948","2","WIR Franc",1,0,0,1,
388,"BOV","984","2","Bolivian Mvdol ",0,1,0,1,
389,"CLF","990","4","Unidad de Fomento ",0,1,0,1,
390,"COU","970","2","Unidad de Valor Real (UVR)",0,1,0,1,
391,"MXV","979","2","Mexican Unidad de Inversion (UDI)",0,1,0,1,
392,"USN","997","2","United States dollar (next day) ",0,1,0,1,
393,"UYI","940","0","Uruguay Peso en Unidades Indexadas (URUIURUI) ",0,1,0,1,
395,"XBA","955",,"European Composite Unit (EURCO)",0,0,1,1,
396,"XBB","956",,"European Monetary Unit (E.M.U.-6)",0,0,1,1,
397,"XBC","957",,"European Unit of Account 9 (E.U.A.-9)",0,0,1,1,
398,"XBD","958",,"European Unit of Account 17 (E.U.A.-17)",0,0,1,1,